date,bike
2016-01-01,356.25
2016-01-02,444.84375
2016-01-03,236.5625
2016-01-04,888.0208333333333
2016-01-05,870.1041666666667
2016-01-06,950.0
2016-01-07,686.875
2016-01-08,1044.5833333333333
2016-01-09,831.875
2016-01-10,470.625
2016-01-11,803.59375
2016-01-12,935.5208333333333
2016-01-13,1020.0
2016-01-14,723.4895833333335
2016-01-15,941.9270833333333
2016-01-16,712.1875
2016-01-17,496.82291666666663
2016-01-18,805.78125
2016-01-19,823.8020833333333
2016-01-20,810.0
2016-01-21,863.2291666666667
2016-01-22,686.71875
2016-01-23,637.5
2016-01-24,595.8854166666666
2016-01-25,1028.6979166666667
2016-01-26,1548.072916666667
2016-01-27,727.96875
2016-01-28,926.875
2016-01-29,828.4895833333333
2016-01-30,327.91666666666663
2016-01-31,420.46875
2016-02-01,1093.75
2016-02-02,1000.0520833333333
2016-02-03,973.9583333333333
2016-02-04,987.3958333333333
2016-02-05,1238.90625
2016-02-06,1009.5833333333333
2016-02-07,904.7916666666667
2016-02-08,772.4479166666667
2016-02-09,583.9583333333334
2016-02-10,951.71875
2016-02-11,938.0729166666667
2016-02-12,691.1979166666665
2016-02-13,341.5625
2016-02-14,433.48958333333337
2016-02-15,867.65625
2016-02-16,1007.7604166666667
2016-02-17,909.84375
2016-02-18,759.53125
2016-02-19,928.0208333333333
2016-02-20,586.8229166666666
2016-02-21,980.6770833333333
2016-02-22,739.4270833333335
2016-02-23,844.6875
2016-02-24,815.625
2016-02-25,877.3958333333333
2016-02-26,810.0520833333335
2016-02-27,634.4791666666666
2016-02-28,843.28125
2016-02-29,775.78125
2016-03-01,649.1145833333335
2016-03-02,1312.03125
2016-03-03,718.8020833333335
2016-03-04,514.1145833333334
2016-03-05,494.01041666666663
2016-03-06,525.8333333333334
2016-03-07,564.84375
2016-03-08,797.7604166666667
2016-03-09,554.53125
2016-03-10,799.7916666666667
2016-03-11,1049.21875
2016-03-12,896.7708333333333
2016-03-13,1020.46875
2016-03-14,1120.3125
2016-03-15,1097.4479166666667
2016-03-16,990.2604166666667
2016-03-17,1284.0625
2016-03-18,1116.6666666666667
2016-03-19,729.2708333333335
2016-03-20,575.2083333333334
2016-03-21,924.0104166666667
2016-03-22,1024.9479166666667
2016-03-23,1153.75
2016-03-24,1228.0208333333333
2016-03-25,1130.5208333333333
2016-03-26,1003.6458333333333
2016-03-27,633.2291666666666
2016-03-28,695.2604166666665
2016-03-29,1762.34375
2016-03-30,809.7395833333333
2016-03-31,545.1041666666666
2016-04-01,1280.625
2016-04-02,760.3645833333333
2016-04-03,1169.5833333333333
2016-04-04,1191.6666666666667
2016-04-05,1378.59375
2016-04-06,1726.875
2016-04-07,1208.59375
2016-04-08,1468.020833333333
2016-04-09,949.1145833333333
2016-04-10,1165.4166666666667
2016-04-11,998.0208333333333
2016-04-12,1696.354166666667
2016-04-13,1276.9791666666667
2016-04-14,1376.927083333333
2016-04-15,1256.25
2016-04-16,920.4166666666667
2016-04-17,800.3125
2016-04-18,1211.6666666666667
2016-04-19,1605.9375
2016-04-20,1531.614583333333
2016-04-21,1468.697916666667
2016-04-22,1071.6666666666667
2016-04-23,980.46875
2016-04-24,554.0625
2016-04-25,881.4583333333333
2016-04-26,829.375
2016-04-27,1001.6666666666667
2016-04-28,1134.6354166666667
2016-04-29,1119.21875
2016-04-30,806.3020833333335
2016-05-01,963.28125
2016-05-02,1876.6145833333335
2016-05-03,1480.2083333333335
2016-05-04,1711.875
2016-05-05,1295.572916666667
2016-05-06,1413.59375
2016-05-07,1168.6458333333333
2016-05-08,1159.375
2016-05-09,1201.6666666666667
2016-05-10,974.53125
2016-05-11,1082.7083333333333
2016-05-12,1154.21875
2016-05-13,1217.9166666666667
2016-05-14,866.6666666666667
2016-05-15,1280.260416666667
2016-05-16,916.8229166666667
2016-05-17,1479.53125
2016-05-18,1145.5208333333333
2016-05-19,1132.7083333333333
2016-05-20,1316.666666666667
2016-05-21,1278.125
2016-05-22,425.625
2016-05-23,620.3125
2016-05-24,1761.7708333333335
2016-05-25,1881.7708333333335
2016-05-26,1760.8333333333335
2016-05-27,1656.4583333333335
2016-05-28,1057.2395833333333
2016-05-29,731.5104166666665
2016-05-30,436.40625
2016-05-31,514.1145833333334
2016-06-01,1153.3333333333333
2016-06-02,1121.4583333333333
2016-06-03,1318.177083333333
2016-06-04,1119.375
2016-06-05,1222.7604166666667
2016-06-06,1467.1875
2016-06-07,1718.1770833333335
2016-06-08,1723.9583333333335
2016-06-09,1864.1666666666665
2016-06-10,1815.9375
2016-06-11,1166.1458333333333
2016-06-12,703.4895833333335
2016-06-13,1315.729166666667
2016-06-14,1428.4895833333335
2016-06-15,1400.364583333333
2016-06-16,1328.854166666667
2016-06-17,1359.21875
2016-06-18,918.75
2016-06-19,1058.75
2016-06-20,842.1354166666667
2016-06-21,1372.291666666667
2016-06-22,1717.2395833333335
2016-06-23,1662.7604166666665
2016-06-24,1611.1979166666665
2016-06-25,1273.9583333333333
2016-06-26,1006.40625
2016-06-27,1193.8541666666667
2016-06-28,1627.6041666666665
2016-06-29,1708.9583333333335
2016-06-30,1442.760416666667
2016-07-01,1476.5104166666665
2016-07-02,1149.6354166666667
2016-07-03,782.6041666666667
2016-07-04,1473.541666666667
2016-07-05,1617.2916666666665
2016-07-06,1697.03125
2016-07-07,1798.9583333333335
2016-07-08,1690.2604166666665
2016-07-09,1361.875
2016-07-10,1187.8645833333333
2016-07-11,1487.5
2016-07-12,1344.0625
2016-07-13,1229.1666666666667
2016-07-14,1065.6770833333333
2016-07-15,1110.0520833333333
2016-07-16,1011.9270833333333
2016-07-17,1052.7604166666667
2016-07-18,1359.635416666667
2016-07-19,1431.770833333333
2016-07-20,1488.854166666667
2016-07-21,1525.625
2016-07-22,1571.822916666667
2016-07-23,1374.166666666667
2016-07-24,919.4791666666667
2016-07-25,1367.1875
2016-07-26,1534.010416666667
2016-07-27,1474.7916666666665
2016-07-28,1434.322916666667
2016-07-29,1244.53125
2016-07-30,1152.2916666666667
2016-07-31,1064.375
2016-08-01,1319.895833333333
2016-08-02,757.7083333333333
2016-08-03,1140.9375
2016-08-04,1073.4895833333333
2016-08-05,1190.78125
2016-08-06,1050.15625
2016-08-07,1111.5104166666667
2016-08-08,1068.75
2016-08-09,1216.3020833333333
2016-08-10,1041.875
2016-08-11,1090.78125
2016-08-12,1029.4270833333333
2016-08-13,924.4270833333333
2016-08-14,883.0729166666667
2016-08-15,949.4270833333333
2016-08-16,1107.8125
2016-08-17,1120.0520833333333
2016-08-18,884.7916666666667
2016-08-19,938.6458333333333
2016-08-20,917.5520833333333
2016-08-21,759.7395833333333
2016-08-22,1250.0
2016-08-23,1359.479166666667
2016-08-24,1313.28125
2016-08-25,1300.052083333333
2016-08-26,1213.4895833333333
2016-08-27,1002.65625
2016-08-28,1100.0
2016-08-29,1270.8854166666667
2016-08-30,1649.8958333333335
2016-08-31,1646.3020833333335
2016-09-01,1699.6354166666665
2016-09-02,1701.71875
2016-09-03,1416.1979166666665
2016-09-04,1037.7083333333333
2016-09-05,1062.0833333333333
2016-09-06,1623.5416666666665
2016-09-07,1848.3854166666665
2016-09-08,1861.875
2016-09-09,1823.3854166666665
2016-09-10,1458.75
2016-09-11,1145.5729166666667
2016-09-12,1707.5
2016-09-13,1834.9479166666665
2016-09-14,1822.2395833333335
2016-09-15,1334.53125
2016-09-16,1405.3125
2016-09-17,1036.6145833333333
2016-09-18,1045.0520833333333
2016-09-19,1165.8854166666667
2016-09-20,1643.3854166666665
2016-09-21,1758.28125
2016-09-22,1831.6666666666665
2016-09-23,1716.9270833333335
2016-09-24,1617.7604166666665
2016-09-25,1879.84375
2016-09-26,1582.2395833333335
2016-09-27,1844.53125
2016-09-28,1784.6875
2016-09-29,1721.5625
2016-09-30,1482.395833333333
2016-10-01,1286.510416666667
2016-10-02,1220.2604166666667
2016-10-03,1545.5729166666665
2016-10-04,1639.6875
2016-10-05,1663.28125
2016-10-06,1600.0520833333335
2016-10-07,1448.125
2016-10-08,1113.6979166666667
2016-10-09,1087.4479166666667
2016-10-10,1288.4375
2016-10-11,1496.8229166666665
2016-10-12,1458.0729166666665
2016-10-13,1361.666666666667
2016-10-14,1128.4895833333333
2016-10-15,1161.5104166666667
2016-10-16,1178.3333333333333
2016-10-17,1321.458333333333
2016-10-18,1370.0
2016-10-19,1401.458333333333
2016-10-20,1315.885416666667
2016-10-21,1251.9270833333333
2016-10-22,1186.875
2016-10-23,755.4166666666665
2016-10-24,746.7708333333333
2016-10-25,1217.4479166666667
2016-10-26,1296.40625
2016-10-27,1306.979166666667
2016-10-28,1247.8125
2016-10-29,830.0
2016-10-30,991.5104166666667
2016-10-31,1131.3541666666667
2016-11-01,945.46875
2016-11-02,1275.0520833333333
2016-11-03,1435.677083333333
2016-11-04,960.1041666666667
2016-11-05,894.1145833333333
2016-11-06,809.6354166666667
2016-11-07,698.75
2016-11-08,1192.65625
2016-11-09,768.75
2016-11-10,1004.2708333333333
2016-11-11,810.3125
2016-11-12,561.7708333333334
2016-11-13,481.45833333333337
2016-11-14,1116.6145833333333
2016-11-15,1124.0104166666667
2016-11-16,1200.2604166666667
2016-11-17,1238.2291666666667
2016-11-18,1250.9895833333333
2016-11-19,946.875
2016-11-20,534.8958333333334
2016-11-21,1060.3125
2016-11-22,1296.927083333333
2016-11-23,1232.8125
2016-11-24,1380.052083333333
2016-11-25,1268.8020833333333
2016-11-26,931.0416666666667
2016-11-27,830.3125
2016-11-28,1168.3333333333333
2016-11-29,1176.1979166666667
2016-11-30,1185.0520833333333
2016-12-01,1196.40625
2016-12-02,1199.5833333333333
2016-12-03,928.6458333333333
2016-12-04,714.5833333333335
2016-12-05,1131.6145833333333
2016-12-06,1302.552083333333
2016-12-07,1247.5520833333333
2016-12-08,1234.8958333333333
2016-12-09,1160.0
2016-12-10,883.90625
2016-12-11,805.5208333333335
2016-12-12,1028.125
2016-12-13,1099.21875
2016-12-14,1235.9895833333333
2016-12-15,1236.9270833333333
2016-12-16,1176.5625
2016-12-17,813.6458333333333
2016-12-18,617.6041666666666
2016-12-19,984.84375
2016-12-20,1088.5416666666667
2016-12-21,985.0
2016-12-22,835.78125
2016-12-23,766.71875
2016-12-24,475.41666666666663
2016-12-25,319.9479166666667
2016-12-26,637.8645833333334
2016-12-27,697.34375
2016-12-28,755.46875
2016-12-29,736.09375
2016-12-30,605.625
2016-12-31,316.09375
2017-01-01,223.41666666666669
2017-01-02,606.5208333333334
2017-01-03,904.4583333333334
2017-01-04,921.375
2017-01-05,1038.7708333333333
2017-01-06,975.0416666666666
2017-01-07,475.5625
2017-01-08,537.8333333333334
2017-01-09,870.9166666666666
2017-01-10,1006.5416666666666
2017-01-11,1023.0208333333334
2017-01-12,845.8333333333334
2017-01-13,865.6666666666666
2017-01-14,690.0833333333334
2017-01-15,440.125
2017-01-16,902.5625
2017-01-17,918.8958333333334
2017-01-18,901.6875
2017-01-19,909.4166666666666
2017-01-20,877.0416666666666
2017-01-21,633.7916666666666
2017-01-22,485.0416666666667
2017-01-23,840.0
2017-01-24,850.2083333333334
2017-01-25,838.8333333333334
2017-01-26,896.0
2017-01-27,894.3958333333334
2017-01-28,648.6666666666666
2017-01-29,501.8125
2017-01-30,882.4375
2017-01-31,963.375
2017-02-01,1062.3958333333333
2017-02-02,1067.9375
2017-02-03,940.4791666666666
2017-02-04,505.75
2017-02-05,515.9583333333334
2017-02-06,913.0625
2017-02-07,799.4583333333334
2017-02-08,990.5
2017-02-09,921.0833333333334
2017-02-10,782.1041666666666
2017-02-11,502.25
2017-02-12,436.04166666666663
2017-02-13,894.8333333333334
2017-02-14,898.3333333333334
2017-02-15,1114.8958333333333
2017-02-16,942.8125
2017-02-17,1009.8958333333334
2017-02-18,829.0625
2017-02-19,697.9583333333334
2017-02-20,1022.0
2017-02-21,1193.9375
2017-02-22,1165.0625
2017-02-23,1088.2083333333333
2017-02-24,1150.625
2017-02-25,943.1041666666666
2017-02-26,705.1041666666666
2017-02-27,874.5625
2017-02-28,953.8958333333334
2017-03-01,830.0833333333334
2017-03-02,1214.6458333333333
2017-03-03,1201.5208333333333
2017-03-04,481.9791666666667
2017-03-05,391.2708333333333
2017-03-06,814.625
2017-03-07,1107.8958333333333
2017-03-08,987.2916666666666
2017-03-09,1125.25
2017-03-10,1156.3125
2017-03-11,1056.5625
2017-03-12,850.0625
2017-03-13,1199.3333333333333
2017-03-14,1295.1458333333333
2017-03-15,1270.3541666666667
2017-03-16,1463.1458333333333
2017-03-17,1195.1041666666667
2017-03-18,764.8958333333334
2017-03-19,747.3958333333334
2017-03-20,1118.6875
2017-03-21,1203.4166666666667
2017-03-22,1174.25
2017-03-23,1039.7916666666667
2017-03-24,970.5208333333334
2017-03-25,1157.1875
2017-03-26,996.9166666666666
2017-03-27,1332.4791666666667
2017-03-28,1348.2291666666667
2017-03-29,1393.875
2017-03-30,1643.9791666666667
2017-03-31,1385.5625
2017-04-01,974.8958333333334
2017-04-02,1040.2291666666667
2017-04-03,1270.2083333333333
2017-04-04,1273.125
2017-04-05,1260.5833333333333
2017-04-06,1319.9375
2017-04-07,1198.0208333333333
2017-04-08,1166.8125
2017-04-09,1140.8541666666667
2017-04-10,1118.3958333333333
2017-04-11,1285.0833333333333
2017-04-12,1280.125
2017-04-13,1210.4166666666667
2017-04-14,1110.5208333333333
2017-04-15,559.2708333333334
2017-04-16,621.1041666666666
2017-04-17,491.8958333333333
2017-04-18,1047.8125
2017-04-19,1232.2916666666667
2017-04-20,1309.1458333333333
2017-04-21,1383.0833333333333
2017-04-22,913.9375
2017-04-23,930.7083333333334
2017-04-24,1272.9791666666667
2017-04-25,1078.1458333333333
2017-04-26,1047.9583333333333
2017-04-27,1141.0
2017-04-28,840.0
2017-04-29,885.7916666666666
2017-04-30,564.375
2017-05-01,604.1875
2017-05-02,1205.4583333333333
2017-05-03,848.6041666666666
2017-05-04,1112.2708333333333
2017-05-05,1240.0208333333333
2017-05-06,575.8958333333334
2017-05-07,701.3125
2017-05-08,694.1666666666666
2017-05-09,1346.0416666666667
2017-05-10,1495.8125
2017-05-11,1365.1458333333333
2017-05-12,1226.75
2017-05-13,1127.0
2017-05-14,781.2291666666666
2017-05-15,1294.2708333333333
2017-05-16,1559.8333333333333
2017-05-17,1413.125
2017-05-18,1043.2916666666667
2017-05-19,1125.6875
2017-05-20,1157.4791666666667
2017-05-21,1066.4791666666667
2017-05-22,1439.5208333333333
2017-05-23,1508.6458333333333
2017-05-24,1423.625
2017-05-25,1063.8541666666667
2017-05-26,1188.9791666666667
2017-05-27,981.75
2017-05-28,806.6041666666666
2017-05-29,1264.8125
2017-05-30,1555.6041666666667
2017-05-31,1560.2708333333333
2017-06-01,1668.625
2017-06-02,1320.8125
2017-06-03,856.7708333333334
2017-06-04,1067.3541666666667
2017-06-05,1123.6458333333333
2017-06-06,1007.5625
2017-06-07,1446.8125
2017-06-08,1570.7708333333333
2017-06-09,1450.4583333333333
2017-06-10,1304.1875
2017-06-11,1030.1666666666667
2017-06-12,1450.4583333333333
2017-06-13,1569.75
2017-06-14,1558.9583333333333
2017-06-15,1683.7916666666667
2017-06-16,1564.0625
2017-06-17,1281.0
2017-06-18,1054.9583333333333
2017-06-19,1361.5
2017-06-20,1370.8333333333333
2017-06-21,1581.125
2017-06-22,1420.5625
2017-06-23,1510.25
2017-06-24,889.7291666666666
2017-06-25,1087.3333333333333
2017-06-26,1365.4375
2017-06-27,1180.2291666666667
2017-06-28,1244.1041666666667
2017-06-29,1301.5625
2017-06-30,1032.2083333333333
2017-07-01,730.0416666666666
2017-07-02,768.1041666666666
2017-07-03,1347.3541666666667
2017-07-04,1602.125
2017-07-05,1527.75
2017-07-06,1335.6875
2017-07-07,1419.3958333333333
2017-07-08,1178.7708333333333
2017-07-09,838.25
2017-07-10,684.1041666666666
2017-07-11,1206.0416666666667
2017-07-12,1136.9166666666665
2017-07-13,1067.6166666666666
2017-07-14,820.1666666666666
2017-07-15,942.55
2017-07-16,828.625
2017-07-17,1081.4416666666666
2017-07-18,1138.6666666666665
2017-07-19,1058.05
2017-07-20,1127.875
2017-07-21,1182.3583333333333
2017-07-22,763.0
2017-07-23,652.8083333333333
2017-07-24,804.825
2017-07-25,1013.8333333333334
2017-07-26,984.725
2017-07-27,932.05
2017-07-28,977.2
2017-07-29,873.4833333333333
2017-07-30,772.2166666666667
2017-07-31,875.875
2017-08-01,967.6916666666666
2017-08-02,1044.4583333333335
2017-08-03,979.475
2017-08-04,880.8333333333334
2017-08-05,773.15
2017-08-06,767.725
2017-08-07,853.3
2017-08-08,567.8166666666667
2017-08-09,655.55
2017-08-10,583.45
2017-08-11,704.1416666666667
2017-08-12,487.2583333333333
2017-08-13,631.4583333333333
2017-08-14,732.9583333333333
2017-08-15,576.975
2017-08-16,787.9083333333333
2017-08-17,670.4833333333333
2017-08-18,495.425
2017-08-19,685.9416666666667
2017-08-20,741.125
2017-08-21,844.55
2017-08-22,1022.6416666666667
2017-08-23,1038.5666666666666
2017-08-24,1011.5583333333334
2017-08-25,645.4583333333333
2017-08-26,795.4916666666667
2017-08-27,768.7166666666667
2017-08-28,1051.4583333333335
2017-08-29,1132.25
2017-08-30,981.8083333333334
2017-08-31,1122.1583333333333
2017-09-01,943.1333333333334
2017-09-02,854.2333333333333
2017-09-03,816.1416666666667
2017-09-04,1214.6166666666666
2017-09-05,1326.4416666666666
2017-09-06,1317.225
2017-09-07,1268.8666666666666
2017-09-08,927.2083333333334
2017-09-09,754.4833333333333
2017-09-10,811.0083333333333
2017-09-11,1124.6083333333333
2017-09-12,1184.05
2017-09-13,670.6583333333333
2017-09-14,1039.0333333333333
2017-09-15,1166.0833333333335
2017-09-16,897.9833333333333
2017-09-17,707.0
2017-09-18,1054.55
2017-09-19,1063.825
2017-09-20,1273.0083333333334
2017-09-21,1345.6333333333334
2017-09-22,1241.1583333333333
2017-09-23,989.5666666666666
2017-09-24,1002.8083333333334
2017-09-25,1171.1
2017-09-26,1252.5333333333333
2017-09-27,1312.325
2017-09-28,1249.15
2017-09-29,1203.0666666666666
2017-09-30,850.15
2017-10-01,1265.95
2017-10-02,1144.85
2017-10-03,1266.3583333333333
2017-10-04,1284.9666666666667
2017-10-05,1072.4583333333335
2017-10-06,1192.3333333333335
2017-10-07,875.0
2017-10-08,729.225
2017-10-09,1155.4666666666667
2017-10-10,1247.4
2017-10-11,1279.6
2017-10-12,1296.4
2017-10-13,1310.2833333333333
2017-10-14,1157.3333333333335
2017-10-15,1038.9166666666665
2017-10-16,1275.6333333333334
2017-10-17,1371.3
2017-10-18,1362.4916666666666
2017-10-19,1238.125
2017-10-20,1247.8666666666666
2017-10-21,867.9416666666666
2017-10-22,643.8833333333333
2017-10-23,781.9583333333333
2017-10-24,855.2833333333334
2017-10-25,1092.8166666666666
2017-10-26,1074.5583333333334
2017-10-27,1046.7333333333333
2017-10-28,776.0083333333333
2017-10-29,489.0666666666667
2017-10-30,906.9666666666666
2017-10-31,987.1166666666666
2017-11-01,749.35
2017-11-02,1005.4916666666666
2017-11-03,1016.8666666666666
2017-11-04,642.1916666666667
2017-11-05,605.675
2017-11-06,1030.5166666666667
2017-11-07,1134.8166666666666
2017-11-08,1059.1583333333333
2017-11-09,1153.8333333333335
2017-11-10,1100.575
2017-11-11,545.7666666666667
2017-11-12,403.08333333333337
2017-11-13,977.375
2017-11-14,1092.0
2017-11-15,1046.0333333333333
2017-11-16,1084.3583333333333
2017-11-17,1043.4083333333333
2017-11-18,738.85
2017-11-19,618.1583333333333
2017-11-20,932.8083333333334
2017-11-21,1033.2
2017-11-22,1108.2166666666667
2017-11-23,981.75
2017-11-24,939.225
2017-11-25,606.025
2017-11-26,528.15
2017-11-27,727.5333333333333
2017-11-28,854.7
2017-11-29,868.7
2017-11-30,852.6583333333334
2017-12-01,745.7333333333333
2017-12-02,521.675
2017-12-03,338.39166666666665
2017-12-04,846.8833333333334
2017-12-05,935.6666666666666
2017-12-06,920.3833333333334
2017-12-07,763.4666666666667
2017-12-08,710.85
2017-12-09,436.8
2017-12-10,368.55
2017-12-11,565.8333333333333
2017-12-12,898.0416666666666
2017-12-13,526.8083333333333
2017-12-14,696.6166666666667
2017-12-15,561.8083333333334
2017-12-16,470.76944444444445
2017-12-17,434.5249999999999
2017-12-18,717.3833333333333
2017-12-19,734.9125
2017-12-20,671.5138888888889
2017-12-21,643.2902777777778
2017-12-22,623.3694444444444
2017-12-23,401.28472222222223
2017-12-24,254.95555555555555
2017-12-25,195.51388888888889
2017-12-26,297.4611111111111
2017-12-27,246.6916666666667
2017-12-28,365.1958333333334
2017-12-29,289.68333333333334
2017-12-30,336.9527777777778
2017-12-31,247.51805555555555
2018-01-01,82.6190476190476
2018-01-02,279.5238095238096
2018-01-03,262.0238095238096
2018-01-04,255.35714285714286
2018-01-05,376.4285714285714
2018-01-06,326.90476190476187
2018-01-07,277.9761904761904
2018-01-08,683.3333333333334
2018-01-09,709.2857142857142
2018-01-10,651.0714285714286
2018-01-11,722.6190476190477
2018-01-12,678.9285714285714
2018-01-13,428.2142857142857
2018-01-14,428.69047619047615
2018-01-15,465.7142857142857
2018-01-16,507.3809523809523
2018-01-17,561.9047619047619
2018-01-18,517.8571428571428
2018-01-19,603.4523809523808
2018-01-20,281.7857142857143
2018-01-21,195.35714285714286
2018-01-22,430.95238095238096
2018-01-23,662.2619047619048
2018-01-24,726.4285714285714
2018-01-25,595.8333333333334
2018-01-26,735.1190476190477
2018-01-27,488.3333333333333
2018-01-28,457.26190476190476
2018-01-29,687.6190476190477
2018-01-30,678.3333333333334
2018-01-31,480.35714285714283
2018-02-01,652.1428571428571
2018-02-02,653.0952380952381
2018-02-03,314.1666666666667
2018-02-04,338.80952380952385
2018-02-05,502.26190476190476
2018-02-06,302.0238095238096
2018-02-07,78.33333333333333
2018-02-08,174.16666666666666
2018-02-09,171.66666666666666
2018-02-10,308.5714285714286
2018-02-11,262.26190476190476
2018-02-12,618.8095238095237
2018-02-13,578.0952380952381
2018-02-14,581.9047619047619
2018-02-15,509.88095238095246
2018-02-16,677.7380952380952
2018-02-17,439.88095238095246
2018-02-18,446.4285714285714
2018-02-19,456.0714285714286
2018-02-20,525.8333333333334
2018-02-21,614.2857142857143
2018-02-22,631.4285714285714
2018-02-23,528.9285714285714
2018-02-24,315.1190476190476
2018-02-25,274.5238095238096
2018-02-26,404.1666666666667
2018-02-27,357.26190476190476
2018-02-28,361.30952380952385
2018-03-01,212.7380952380952
2018-03-02,365.0
2018-03-03,353.2142857142857
2018-03-04,174.52380952380952
2018-03-05,591.1904761904763
2018-03-06,645.2380952380952
2018-03-07,417.9761904761904
2018-03-08,484.8809523809523
2018-03-09,503.8095238095238
2018-03-10,436.19047619047615
2018-03-11,502.0238095238096
2018-03-12,501.0714285714286
2018-03-13,617.8571428571428
2018-03-14,751.7857142857142
2018-03-15,569.7619047619048
2018-03-16,641.7857142857143
2018-03-17,186.7857142857143
2018-03-18,190.2380952380952
2018-03-19,387.26190476190476
2018-03-20,600.2380952380952
2018-03-21,621.1904761904763
2018-03-22,702.0238095238095
2018-03-23,559.6428571428572
2018-03-24,557.8571428571428
2018-03-25,460.4761904761904
2018-03-26,671.3095238095237
2018-03-27,427.8571428571429
2018-03-28,452.5
2018-03-29,647.0238095238095
2018-03-30,525.4761904761905
2018-03-31,395.23809523809524
2018-04-01,313.92857142857144
2018-04-02,379.2857142857143
2018-04-03,599.5238095238095
2018-04-04,651.4285714285714
2018-04-05,747.0238095238095
2018-04-06,880.9523809523808
2018-04-07,730.7142857142858
2018-04-08,705.9523809523808
2018-04-09,478.2142857142857
2018-04-10,758.2142857142858
2018-04-11,910.7142857142858
2018-04-12,662.8571428571429
2018-04-13,794.1666666666666
2018-04-14,569.2857142857143
2018-04-15,610.0
2018-04-16,687.0238095238095
2018-04-17,822.5
2018-04-18,869.4047619047619
2018-04-19,845.2380952380951
2018-04-20,779.6428571428572
2018-04-21,676.9047619047619
2018-04-22,594.5238095238095
2018-04-23,635.2380952380952
2018-04-24,774.5238095238095
2018-04-25,612.8571428571428
2018-04-26,681.5476190476192
2018-04-27,644.8809523809523
2018-04-28,463.4523809523809
2018-04-29,224.76190476190473
2018-04-30,264.64285714285717
2018-05-01,442.26190476190476
2018-05-02,706.5476190476192
2018-05-03,766.1904761904763
2018-05-04,810.9523809523808
2018-05-05,768.8095238095237
2018-05-06,677.0238095238095
2018-05-07,728.6904761904763
2018-05-08,733.2142857142858
2018-05-09,750.3571428571428
2018-05-10,530.3571428571428
2018-05-11,703.3333333333334
2018-05-12,419.1666666666667
2018-05-13,347.73809523809524
2018-05-14,425.1190476190477
2018-05-15,775.5952380952381
2018-05-16,840.0
2018-05-17,865.1190476190477
2018-05-18,824.6428571428572
2018-05-19,714.5238095238095
2018-05-20,672.2619047619048
2018-05-21,641.7857142857143
2018-05-22,693.6904761904763
2018-05-23,795.8333333333334
2018-05-24,895.7142857142858
2018-05-25,829.6428571428572
2018-05-26,778.5714285714286
2018-05-27,658.0952380952381
2018-05-28,713.8095238095237
2018-05-29,702.5
2018-05-30,866.5476190476192
2018-05-31,904.7619047619046
2018-06-01,786.0714285714286
2018-06-02,758.9285714285714
2018-06-03,789.8809523809523
2018-06-04,720.4761904761905
2018-06-05,538.5714285714286
2018-06-06,584.7619047619048
2018-06-07,912.9761904761904
2018-06-08,931.9047619047618
2018-06-09,695.1190476190477
2018-06-10,539.1666666666666
2018-06-11,450.47619047619054
2018-06-12,556.0714285714286
2018-06-13,852.2619047619049
2018-06-14,835.7142857142858
2018-06-15,862.8571428571428
2018-06-16,647.7380952380952
2018-06-17,592.7380952380952
2018-06-18,727.1428571428572
2018-06-19,893.3333333333331
2018-06-20,942.2619047619046
2018-06-21,945.1190476190476
2018-06-22,866.9047619047619
2018-06-23,670.7142857142857
2018-06-24,681.0714285714286
2018-06-25,849.0476190476189
2018-06-26,937.6190476190476
2018-06-27,989.8809523809524
2018-06-28,1027.9761904761904
2018-06-29,928.0952380952381
2018-06-30,672.6190476190477
2018-07-01,545.0
2018-07-02,802.1428571428572
2018-07-03,974.1666666666669
2018-07-04,914.7619047619046
2018-07-05,894.4047619047619
2018-07-06,902.2619047619046
2018-07-07,661.6666666666666
2018-07-08,656.4285714285714
2018-07-09,808.9285714285714
2018-07-10,830.0
2018-07-11,816.1904761904763
2018-07-12,896.9047619047619
2018-07-13,770.3571428571428
2018-07-14,663.3333333333334
2018-07-15,580.4761904761905
2018-07-16,703.3333333333334
2018-07-17,798.0952380952381
2018-07-18,817.3809523809523
2018-07-19,808.9285714285714
2018-07-20,616.5476190476192
2018-07-21,641.1904761904763
2018-07-22,648.9285714285714
2018-07-23,723.5714285714286
2018-07-24,782.6190476190477
2018-07-25,803.6904761904763
2018-07-26,755.1190476190477
2018-07-27,565.1190476190477
2018-07-28,678.2142857142857
2018-07-29,609.2857142857143
2018-07-30,685.8333333333334
2018-07-31,764.4047619047619
2018-08-01,797.2619047619049
2018-08-02,766.0714285714286
2018-08-03,646.5476190476192
2018-08-04,530.1190476190477
2018-08-05,500.1190476190477
2018-08-06,572.1428571428572
2018-08-07,552.8571428571428
2018-08-08,648.6904761904763
2018-08-09,389.04761904761904
2018-08-10,572.9761904761905
2018-08-11,544.4047619047619
2018-08-12,483.45238095238096
2018-08-13,493.2142857142857
2018-08-14,527.1428571428572
2018-08-15,619.4047619047619
2018-08-16,595.5952380952381
2018-08-17,570.5952380952381
2018-08-18,561.1904761904763
2018-08-19,595.2380952380952
2018-08-20,588.8095238095237
2018-08-21,652.8571428571429
2018-08-22,716.3095238095237
2018-08-23,746.1904761904763
2018-08-24,697.7380952380951
2018-08-25,561.9047619047619
2018-08-26,578.5714285714286
2018-08-27,630.0
2018-08-28,908.9285714285714
2018-08-29,617.3809523809523
2018-08-30,747.2619047619049
2018-08-31,769.4047619047619
2018-09-01,750.7142857142858
2018-09-02,830.5952380952381
2018-09-03,814.4047619047619
2018-09-04,841.0714285714286
2018-09-05,849.7619047619049
2018-09-06,850.0
2018-09-07,879.2857142857142
2018-09-08,898.3333333333334
2018-09-09,870.1190476190477
2018-09-10,812.3809523809523
2018-09-11,982.0238095238095
2018-09-12,996.4285714285714
2018-09-13,727.2619047619049
2018-09-14,938.3333333333334
2018-09-15,811.0714285714286
2018-09-16,1159.8214285714287
2018-09-17,876.4285714285714
2018-09-18,961.6071428571429
2018-09-19,951.4285714285714
2018-09-20,950.3571428571429
2018-09-21,728.5714285714286
2018-09-22,471.9642857142857
2018-09-23,373.39285714285717
2018-09-24,820.7142857142858
2018-09-25,860.3571428571429
2018-09-26,885.5357142857142
2018-09-27,958.9285714285714
2018-09-28,850.1785714285714
2018-09-29,738.2142857142858
2018-09-30,664.8214285714286
2018-10-01,805.1785714285714
2018-10-02,758.5714285714286
2018-10-03,840.0
2018-10-04,910.1785714285714
2018-10-05,985.1785714285714
2018-10-06,871.6071428571429
2018-10-07,439.2857142857143
2018-10-08,812.1428571428571
2018-10-09,966.9642857142857
2018-10-10,817.7380952380951
2018-10-11,1093.8095238095239
2018-10-12,1040.8333333333333
2018-10-13,1014.0476190476189
2018-10-14,759.7619047619049
2018-10-15,1081.9047619047617
2018-10-16,1132.857142857143
2018-10-17,1181.4285714285713
2018-10-18,1113.452380952381
2018-10-19,1093.3333333333333
2018-10-20,852.3809523809523
2018-10-21,808.0952380952381
2018-10-22,880.5952380952382
2018-10-23,981.9047619047618
2018-10-24,970.1190476190476
2018-10-25,1061.3095238095239
2018-10-26,785.8333333333334
2018-10-27,618.5714285714286
2018-10-28,395.3571428571429
2018-10-29,590.7142857142857
2018-10-30,470.9523809523809
2018-10-31,574.6428571428572
2018-11-01,340.7142857142857
2018-11-02,622.2619047619048
2018-11-03,544.0476190476192
2018-11-04,477.3809523809523
2018-11-05,932.3809523809524
2018-11-06,1024.1666666666667
2018-11-07,682.2619047619048
2018-11-08,943.4523809523811
2018-11-09,943.2142857142858
2018-11-10,409.5238095238096
2018-11-11,250.5952380952381
2018-11-12,577.2619047619048
2018-11-13,979.7619047619046
2018-11-14,974.0476190476189
2018-11-15,879.6428571428572
2018-11-16,856.5476190476189
2018-11-17,700.3571428571428
2018-11-18,645.9523809523808
2018-11-19,769.1666666666666
2018-11-20,525.8333333333334
2018-11-21,795.7142857142858
2018-11-22,790.5952380952381
2018-11-23,722.3809523809523
2018-11-24,583.4523809523808
2018-11-25,263.92857142857144
2018-11-26,605.5952380952381
2018-11-27,785.7142857142858
2018-11-28,844.7321428571428
2018-11-29,1221.171875
2018-11-30,1295.658482142857
2018-12-01,571.7522321428572
2018-12-02,585.5803571428571
2018-12-03,1096.607142857143
2018-12-04,1283.236607142857
2018-12-05,1172.0535714285713
2018-12-06,1281.1332417582416
2018-12-07,1039.4961734693877
2018-12-08,633.9732142857144
2018-12-09,477.5573979591836
2018-12-10,1196.9260204081631
2018-12-11,1315.4336734693877
2018-12-12,1259.8214285714282
2018-12-13,1271.2261904761906
2018-12-14,1327.4642857142858
2018-12-15,721.4821428571429
2018-12-16,823.7916666666666
2018-12-17,1468.125
2018-12-18,1624.708333333333
2018-12-19,1715.9464285714284
2018-12-20,1548.470238095238
2018-12-21,1171.154761904762
2018-12-22,951.1607142857142
2018-12-23,518.3869047619047
2018-12-24,682.8571428571429
2018-12-25,512.2916666666666
2018-12-26,797.672619047619
2018-12-27,758.4107142857142
2018-12-28,733.9702380952382
2018-12-29,739.625
2018-12-30,1142.3154761904761
2018-12-31,11.122448979591837
2019-01-01,361.60468749999995
2019-01-02,802.4406250000001
2019-01-03,951.9890625
2019-01-04,956.9765625
2019-01-05,669.4953125
2019-01-06,572.3484375
2019-01-07,1227.1109374999999
2019-01-08,1375.8062499999999
2019-01-09,1264.003125
2019-01-10,1211.7984375
2019-01-11,1073.4390625
2019-01-12,763.6343749999999
2019-01-13,646.9640625
2019-01-14,1315.2890625
2019-01-15,1401.79375
2019-01-16,1354.5874999999999
2019-01-17,1279.5343750000002
2019-01-18,1243.4187499999998
2019-01-19,655.2546874999999
2019-01-20,515.8015625
2019-01-21,1182.9125
2019-01-22,756.7437499999999
2019-01-23,839.015625
2019-01-24,1065.0609375
2019-01-25,1023.3124999999999
2019-01-26,693.0874999999999
2019-01-27,407.97968750000007
2019-01-28,1191.9140625
2019-01-29,969.653125
2019-01-30,755.015625
2019-01-31,987.5140624999999
2019-02-01,983.128125
2019-02-02,628.6328125
2019-02-03,621.81875
2019-02-04,1037.815625
2019-02-05,1254.6296875
2019-02-06,1168.978125
2019-02-07,1264.8671875
2019-02-08,1162.7765625
2019-02-09,811.9343749999999
2019-02-10,398.00468750000005
2019-02-11,1196.0265625000002
2019-02-12,1367.8328125
2019-02-13,1334.615625
2019-02-14,1417.1828124999997
2019-02-15,1392.1250000000002
2019-02-16,1048.228125
2019-02-17,964.2390625
2019-02-18,1437.6796875
2019-02-19,1497.65
2019-02-20,1490.6281250000002
2019-02-21,1531.775
2019-02-22,1485.3890625
2019-02-23,1043.4703125
2019-02-24,923.7593749999999
2019-02-25,1303.4875000000002
2019-02-26,1425.0687500000001
2019-02-27,1401.4546875
2019-02-28,1163.4328125
2019-03-01,949.2
2019-03-02,731.19375
2019-03-03,625.2640625
2019-03-04,838.2609375
2019-03-05,1050.9953125000002
2019-03-06,992.2828125
2019-03-07,1116.98125
2019-03-08,1136.4171875
2019-03-09,753.2656249999999
2019-03-10,609.2515624999999
2019-03-11,1199.3625
2019-03-12,1245.3874999999998
2019-03-13,1256.98125
2019-03-14,869.0500000000001
2019-03-15,1231.8796875
2019-03-16,948.2265625000001
2019-03-17,604.3625000000001
2019-03-18,1356.6109374999999
2019-03-19,1514.4062499999998
2019-03-20,1501.2812499999998
2019-03-21,1595.5296875000001
2019-03-22,1522.6093749999998
2019-03-23,1010.9859375
2019-03-24,814.40625
2019-03-25,1422.0609375
2019-03-26,1592.19375
2019-03-27,1593.790625
2019-03-28,1568.8203125000002
2019-03-29,1597.7171875
2019-03-30,1181.971875
2019-03-31,1047.571875
2019-04-01,1597.4109375
2019-04-02,1084.5734375
2019-04-03,1374.8546874999997
2019-04-04,1557.8609375
2019-04-05,1506.290625
2019-04-06,1109.171875
2019-04-07,897.6625000000001
2019-04-08,1507.2640625000001
2019-04-09,1495.6703125
2019-04-10,1286.4687500000002
2019-04-11,1654.66875
2019-04-12,1327.4734374999998
2019-04-13,824.6291666666666
2019-04-14,707.875
2019-04-15,1352.8812500000001
2019-04-16,1264.6375
2019-04-17,1442.9624999999999
2019-04-18,1538.979166666667
2019-04-19,1386.4958333333334
2019-04-20,819.3937500000001
2019-04-21,724.4416666666666
2019-04-22,774.4916666666664
2019-04-23,1187.7833333333333
2019-04-24,1118.1
2019-04-25,1100.1703125
2019-04-26,1245.365625
2019-04-27,693.2406250000001
2019-04-28,554.1375
2019-04-29,1217.015625
2019-04-30,1352.2140625000002
2019-05-01,1005.6046875
2019-05-02,1109.346875
2019-05-03,1115.7234375
2019-05-04,538.1140625
2019-05-05,624.2796874999999
2019-05-06,1386.8093750000003
2019-05-07,1570.40625
2019-05-08,582.09375
2019-05-09,1181.5234375
2019-05-10,1166.94375
2019-05-11,606.8234375000001
2019-05-12,921.965625
2019-05-13,1622.6765625
2019-05-14,1785.39375
2019-05-15,1768.8234375
2019-05-16,1770.0265625000002
2019-05-17,1587.2609375000002
2019-05-18,894.5671875
2019-05-19,582.684375
2019-05-20,1282.00625
2019-05-21,1593.8890625000001
2019-05-22,1493.8875
2019-05-23,1523.1234375
2019-05-24,1541.6749999999997
2019-05-25,925.0124999999999
2019-05-26,982.1625
2019-05-27,1454.6374999999996
2019-05-28,1354.6375000000003
2019-05-29,1475.2624999999996
2019-05-30,851.1750000000001
2019-05-31,1117.6375
2019-06-01,981.2624999999999
2019-06-02,994.9374999999999
2019-06-03,1339.4125000000001
2019-06-04,1298.3749999999998
2019-06-05,929.8749999999999
2019-06-06,1448.275
2019-06-07,1100.1125
2019-06-08,799.8875
2019-06-09,742.5249999999999
2019-06-10,907.8000000000001
2019-06-11,1351.05
2019-06-12,1245.9125000000001
2019-06-13,1458.4750000000001
2019-06-14,1523.8999999999999
2019-06-15,1124.0125
2019-06-16,984.8000000000001
2019-06-17,1627.2499999999998
2019-06-18,1745.0875
2019-06-19,1378.365625
2019-06-20,1281.7984374999999
2019-06-21,1578.346875
2019-06-22,1127.7984375
2019-06-23,980.8203124999999
2019-06-24,1519.0656249999997
2019-06-25,1574.9374999999998
2019-06-26,1671.5875
2019-06-27,1683.4875
2019-06-28,1590.3625000000004
2019-06-29,971.3750000000001
2019-06-30,994.3125
2019-07-01,1729.0750000000003
2019-07-02,1898.5750000000003
2019-07-03,1847.4874999999997
2019-07-04,1864.6375000000003
2019-07-05,1693.0375000000001
2019-07-06,1111.1625
2019-07-07,1015.35
2019-07-08,1628.8999999999999
2019-07-09,1768.7875000000001
2019-07-10,1763.65
2019-07-11,1680.8999999999999
2019-07-12,1569.1125
2019-07-13,1084.9875
2019-07-14,938.3750000000001
2019-07-15,1604.6875000000002
2019-07-16,1723.6375000000003
2019-07-17,1730.25
2019-07-18,1642.475
2019-07-19,1538.5125
2019-07-20,995.2375
2019-07-21,944.8749999999999
2019-07-22,1471.9249999999997
2019-07-23,1525.7500000000002
2019-07-24,1397.6374999999996
2019-07-25,1206.0375000000001
2019-07-26,1286.35
2019-07-27,770.2375
2019-07-28,926.2125
2019-07-29,1369.5
2019-07-30,1436.8875
2019-07-31,1461.7124999999999
2019-08-01,1451.8750000000002
2019-08-02,1305.4125000000001
2019-08-03,943.6125000000001
2019-08-04,866.05
2019-08-05,1162.7
2019-08-06,1003.1750000000001
2019-08-07,1186.2999999999997
2019-08-08,1197.7749999999999
2019-08-09,761.6125
2019-08-10,806.2749999999999
2019-08-11,694.2249999999998
2019-08-12,886.9125
2019-08-13,990.175
2019-08-14,962.5250000000002
2019-08-15,656.2375
2019-08-16,793.2875000000001
2019-08-17,340.75000000000006
2019-08-18,472.43749999999994
2019-08-19,1126.1499999999999
2019-08-20,1245.3
2019-08-21,1304.1375
2019-08-22,1340.6875000000002
2019-08-23,1281.1249999999998
2019-08-24,970.675
2019-08-25,940.5999999999998
2019-08-26,1452.9499999999996
2019-08-27,1625.5249999999999
2019-08-28,1649.7625000000003
2019-08-29,1722.5375
2019-08-30,1654.9875
2019-08-31,1220.7875
2019-09-01,1118.1375
2019-09-02,1824.1625
2019-09-03,2044.7625
2019-09-04,2004.5125000000003
2019-09-05,2017.2499999999998
2019-09-06,1926.5125000000003
2019-09-07,1234.7625
2019-09-08,1125.275
2019-09-09,1851.6124999999997
2019-09-10,2100.4
2019-09-11,2064.3875
2019-09-12,2195.5375
2019-09-13,3722.9874999999997
2019-09-14,1631.7749999999999
2019-09-15,1420.7749999999999
2019-09-16,2123.7499999999995
2019-09-17,2233.85
2019-09-18,2173.2625000000003
2019-09-19,2178.825
2019-09-20,2064.2
2019-09-21,1525.2250000000001
2019-09-22,900.3000000000001
2019-09-23,1977.6000000000001
2019-09-24,1581.4640625
2019-09-25,1684.6484375000002
2019-09-26,1970.4015624999997
2019-09-27,1963.6859375000001
2019-09-28,1432.6484375000002
2019-09-29,838.8296875000001
2019-09-30,1991.45625
2019-10-01,1727.796875
2019-10-02,2046.384375
2019-10-03,2098.7203125
2019-10-04,1923.0203124999998
2019-10-05,1089.59375
2019-10-06,994.2296875000001
2019-10-07,1993.4031249999998
2019-10-08,1295.48125
2019-10-09,1566.5125
2019-10-10,2086.2734375
2019-10-11,2087.0171874999996
2019-10-12,1501.6203125000002
2019-10-13,1331.246875
2019-10-14,1868.3984375000002
2019-10-15,1974.6015624999998
2019-10-16,1585.8171875000003
2019-10-17,1834.415625
2019-10-18,1835.2140624999997
2019-10-19,1132.3703125000002
2019-10-20,645.09375
2019-10-21,1615.4687499999998
2019-10-22,1800.3999999999999
2019-10-23,1811.1734375
2019-10-24,1856.728125
2019-10-25,1728.9890625
2019-10-26,1368.0515625
2019-10-27,638.2468749999999
2019-10-28,1553.3984375
2019-10-29,1462.6281250000002
2019-10-30,1453.4722222222222
2019-10-31,1399.9125
2019-11-01,665.896875
2019-11-02,852.2390625
2019-11-03,615.7921875
2019-11-04,1521.1583333333333
2019-11-05,1613.253409090909
2019-11-06,1596.2625
2019-11-07,1409.690625
2019-11-08,1398.5562500000003
2019-11-09,805.2961538461537
2019-11-10,488.6807692307692
2019-11-11,524.6836538461538
2019-11-12,1270.035576923077
2019-11-13,1363.9650000000001
2019-11-14,1337.578529411765
2019-11-15,664.629765625
2019-11-16,771.2375781249999
2019-11-17,770.8652205882353
2019-11-18,1129.7978125
2019-11-19,1435.1492968750001
2019-11-20,1392.8589062499998
2019-11-21,1383.46359375
2019-11-22,1387.2917187499997
2019-11-23,691.8701562499999
2019-11-24,813.881796875
2019-11-25,1327.846953125
2019-11-26,1290.0092187500002
2019-11-27,1218.5446875
2019-11-28,1347.3900781250002
2019-11-29,1229.5401562499999
2019-11-30,916.88953125
2019-12-01,588.844921875
2019-12-02,1350.3005147058825
2019-12-03,1456.800078125
2019-12-04,1606.9571875
2019-12-05,2671.015703125
2019-12-06,2745.4415625
2019-12-07,2138.36875
2019-12-08,1421.4429687499999
2019-12-09,2855.98578125
2019-12-10,3809.047941176471
2019-12-11,3599.475986842105
2019-12-12,3428.04
2019-12-13,3356.0065000000004
2019-12-14,2457.1518125
2019-12-15,1954.6756250000003
2019-12-16,3302.739125
2019-12-17,3745.2270625000006
2019-12-18,4030.432
2019-12-19,3920.1456874999994
2019-12-20,3287.82375
2019-12-21,1895.2512499999998
2019-12-22,1276.8808333333332
2019-12-23,1976.668333333333
2019-12-24,1401.1983333333333
2019-12-25,649.5116666666667
2019-12-26,1348.6391666666666
2019-12-27,1489.1270833333333
2019-12-28,1247.8545833333333
2019-12-29,1136.7737499999998
2019-12-30,1769.3795833333334
2019-12-31,6.799583333333334
2020-01-01,1183.4219298245614
2020-01-02,2054.3921052631576
2020-01-03,2174.148830409357
2020-01-04,1894.9076023391815
2020-01-05,1562.1994152046784
2020-01-06,3008.307894736842
2020-01-07,3288.647076023392
2020-01-08,3307.6622807017543
2020-01-09,3087.9692982456136
2020-01-10,3170.1681286549706
2020-01-11,2291.9365497076024
2020-01-12,1686.928947368421
2020-01-13,2883.7257309941524
2020-01-14,2950.470760233918
2020-01-15,2828.30350877193
2020-01-16,2856.7526315789473
2020-01-17,2462.71783625731
2020-01-18,1836.2128654970759
2020-01-19,1385.7912280701755
2020-01-20,2141.08947368421
2020-01-21,2209.8885964912283
2020-01-22,2181.2061403508774
2020-01-23,2087.2890120036936
2020-01-24,2370.529701446599
2020-01-25,1470.6386580486305
2020-01-26,1161.28162511542
2020-01-27,1491.505078485688
2020-01-28,1801.9470606340412
2020-01-29,2049.83810403201
2020-01-30,1883.3336411203447
2020-01-31,1985.2459218220993
2020-02-01,1340.316405047707
2020-02-02,920.4733764235149
2020-02-03,1729.364112034472
2020-02-04,1858.6845183133275
2020-02-05,1954.8334872268388
2020-02-06,1946.7897814712219
2020-02-07,1852.1969836872881
2020-02-08,1091.9839950754076
2020-02-09,747.1329639889196
2020-02-10,1146.9304401354261
2020-02-11,1469.115727916282
2020-02-12,1658.6900584795324
2020-02-13,1346.73838104032
2020-02-14,1518.2936288088642
2020-02-15,1148.3813481071097
2020-02-16,790.2089873807325
2020-02-17,1496.4281317328407
2020-02-18,1653.5102499999998
2020-02-19,1583.363833333333
2020-02-20,1488.2519166666666
2020-02-21,1572.683875
2020-02-22,1190.1755833333332
2020-02-23,1009.0161666666669
2020-02-24,1714.8302500000002
2020-02-25,1693.0827083333334
2020-02-26,1579.8087083333335
2020-02-27,1328.8849583333333
2020-02-28,1573.4518333333335
2020-02-29,1058.1275833333334
2020-03-01,689.9445000000001
2020-03-02,1371.77775
2020-03-03,1853.3558749999997
2020-03-04,1702.0354166666668
2020-03-05,1233.2115833333332
2020-03-06,1629.8000833333335
2020-03-07,1269.3514166666669
2020-03-08,800.8562916666667
2020-03-09,1673.6022916666666
2020-03-10,1769.0012083333336
2020-03-11,1971.1305833333336
2020-03-12,1828.969333333333
2020-03-13,1833.1430833333332
2020-03-14,1080.8320833333332
2020-03-15,1217.5496666666668
2020-03-16,1253.7685416666666
2020-03-17,755.7485833333334
2020-03-18,620.3927916666665
2020-03-19,611.1918749999999
2020-03-20,477.92995833333333
2020-03-21,282.8002916666666
2020-03-22,302.80075000000005
2020-03-23,489.03808333333336
2020-03-24,497.0218750000001
2020-03-25,485.7988333333333
2020-03-26,528.2923333333334
2020-03-27,481.69012499999997
2020-03-28,323.79520833333333
2020-03-29,247.1204166666667
2020-03-30,443.58737499999995
2020-03-31,554.9620416666667
2020-04-01,591.5137083333333
2020-04-02,654.7301249999999
2020-04-03,674.2000416666667
2020-04-04,550.0086666666667
2020-04-05,509.6399583333333
2020-04-06,643.1690416666667
2020-04-07,713.8454166666668
2020-04-08,777.5142083333334
2020-04-09,800.7909583333333
2020-04-10,688.9645
2020-04-11,522.27175
2020-04-12,483.1601249999999
2020-04-13,567.4862083333335
2020-04-14,769.0570416666667
2020-04-15,819.9409166666667
2020-04-16,869.9384166666666
2020-04-17,853.0824166666667
2020-04-18,619.5495833333332
2020-04-19,588.3759583333334
2020-04-20,833.89425
2020-04-21,880.0709166666668
2020-04-22,896.0393750000001
2020-04-23,994.7589166666667
2020-04-24,853.5960416666667
2020-04-25,683.2282916666667
2020-04-26,658.8834583333334
2020-04-27,899.2497500000002
2020-04-28,1052.7997083333332
2020-04-29,1042.1833333333332
2020-04-30,1071.9286666666667
2020-05-01,881.7176666666667
2020-05-02,849.9020833333334
2020-05-03,758.7542083333333
2020-05-04,997.9121250000001
2020-05-05,1010.4193749999997
2020-05-06,1225.3467916666666
2020-05-07,1210.1019583333332
2020-05-08,981.8016250000001
2020-05-09,885.857
2020-05-10,727.8477500000001
2020-05-11,1567.0902916666666
2020-05-12,1989.7246249999996
2020-05-13,2029.5455833333333
2020-05-14,2030.0122500000004
2020-05-15,2110.4332083333334
2020-05-16,2166.6677083333334
2020-05-17,2091.466125
2020-05-18,2040.4136666666666
2020-05-19,2379.6505833333335
2020-05-20,2488.5090416666667
2020-05-21,2467.2345833333334
2020-05-22,2192.4729166666666
2020-05-23,2034.9979999999996
2020-05-24,2082.8158749999993
2020-05-25,2193.710458333334
2020-05-26,2611.884333333333
2020-05-27,2689.284791666667
2020-05-28,2697.6780833333332
2020-05-29,2682.383375
2020-05-30,2543.3362499999994
2020-05-31,2273.032416666667
2020-06-01,2260.9262083333333
2020-06-02,2724.5542916666664
2020-06-03,2569.3319166666665
2020-06-04,1882.9399166666667
2020-06-05,2159.6656666666668
2020-06-06,2223.7074999999995
2020-06-07,1790.2488333333336
2020-06-08,2290.1217500000002
2020-06-09,2645.2641249999997
2020-06-10,2895.6299166666668
2020-06-11,2688.988166666667
2020-06-12,1916.8219583333332
2020-06-13,2440.48162037037
2020-06-14,2105.310925925926
2020-06-15,2579.4964351851854
2020-06-16,2897.458796296296
2020-06-17,2989.3535648148145
2020-06-18,2939.9880092592593
2020-06-19,2720.5075462962964
2020-06-20,2395.225
2020-06-21,1943.273240740741
2020-06-22,2879.047824074074
2020-06-23,3224.1037499999998
2020-06-24,3200.8530555555553
2020-06-25,3153.3609722222227
2020-06-26,2697.5475462962963
2020-06-27,2101.6181018518523
2020-06-28,2063.446712962963
2020-06-29,2874.6387962962967
2020-06-30,3184.464953703704
2020-07-01,2929.9530555555557
2020-07-02,3048.0278240740745
2020-07-03,2925.8690740740735
2020-07-04,2196.0824537037042
2020-07-05,1872.3966203703703
2020-07-06,2779.1422685185184
2020-07-07,3197.6019444444446
2020-07-08,3261.846064814815
2020-07-09,3120.9441666666667
2020-07-10,2672.584444444444
2020-07-11,2040.3321296296297
2020-07-12,1769.5063425925928
2020-07-13,2011.9905555555556
2020-07-14,1695.2314814814815
2020-07-15,2756.441527777778
2020-07-16,2838.3817129629624
2020-07-17,2795.8926851851847
2020-07-18,2344.4963888888888
2020-07-19,2040.2281018518524
2020-07-20,2642.719722222222
2020-07-21,3083.4863888888885
2020-07-22,3253.3408242829296
2020-07-23,3231.749456975773
2020-07-24,2886.015566694514
2020-07-25,2282.194597605124
2020-07-26,2018.1792815371764
2020-07-27,2655.9657755499857
2020-07-28,3061.423141186299
2020-07-29,3123.728292954609
2020-07-30,2958.674380395433
2020-07-31,2387.215650236703
2020-08-01,2049.2326093010306
2020-08-02,1877.2199944305205
2020-08-03,2124.394068504595
2020-08-04,2465.137677527151
2020-08-05,2492.2958228905595
2020-08-06,2320.8998329156225
2020-08-07,2005.0797549429128
2020-08-08,1575.3721526037316
2020-08-09,1344.96059593428
2020-08-10,1717.061709830131
2020-08-11,1805.7267335004174
2020-08-12,1876.7595934280146
2020-08-13,1796.2742690058483
2020-08-14,1569.893595098858
2020-08-15,1546.4975014697238
2020-08-16,1317.4963844797178
2020-08-17,1688.861816578483
2020-08-18,2200.7087595532043
2020-08-19,2049.649853027631
2020-08-20,2286.5915343915344
2020-08-21,2080.573368606702
2020-08-22,1721.719547325103
2020-08-23,1832.2381834215169
2020-08-24,2379.116666666667
2020-08-25,2455.5880070546737
2020-08-26,2884.117225161669
2020-08-27,2866.4399470899466
2020-08-28,2469.435008818342
2020-08-29,1843.5738095238094
2020-08-30,1701.285802469136
2020-08-31,2963.2865079365074
2020-09-01,3482.6042034097586
2020-09-02,3574.2970605526157
2020-09-03,3670.208847736625
2020-09-04,3587.531981187536
2020-09-05,2722.6535861258085
2020-09-06,2341.8673427395647
2020-09-07,3458.744356261023
2020-09-08,3775.501998824221
2020-09-09,3764.0939447383894
2020-09-10,3765.6731334509113
2020-09-11,3517.4779541446205
2020-09-12,2904.5803938859494
2020-09-13,2652.241622574956
2020-09-14,3344.1002351557904
2020-09-15,3693.6616108171665
2020-09-16,3664.638683127572
2020-09-17,3716.5815108759552
2020-09-18,3522.213256907701
2020-09-19,2493.27480893592
2020-09-20,2253.8773662551444
2020-09-21,3267.6104644326865
2020-09-22,3658.7290123456787
2020-09-23,3052.942004703116
2020-09-24,2732.1277483833037
2020-09-25,2282.358054085832
2020-09-26,2149.9031158142266
2020-09-27,1172.1033509700176
2020-09-28,2034.5851557907113
2020-09-29,2654.522780717225
2020-09-30,2982.5730452674898
2020-10-01,2530.1703997648447
2020-10-02,1866.6641093474427
2020-10-03,2113.7560552616105
2020-10-04,1571.0318342151677
2020-10-05,1937.2244855967074
2020-10-06,2546.860523221634
2020-10-07,2869.4673721340387
2020-10-08,2912.3036743092302
2020-10-09,2384.3997060552615
2020-10-10,2364.047442680776
2020-10-11,1811.6751028806584
2020-10-12,2631.6449147560256
2020-10-13,2413.1552322163434
2020-10-14,2760.7649323927103
2020-10-15,2867.577131099353
2020-10-16,2710.303644914756
2020-10-17,1992.9966196355085
2020-10-18,2105.397736625515
2020-10-19,2486.298765432099
2020-10-20,2090.248647854203
2020-10-21,2579.471222810111
2020-10-22,2586.466990005879
2020-10-23,2332.296502057613
2020-10-24,1799.224279835391
2020-10-25,1235.8700470311583
2020-10-26,2342.743268665491
2020-10-27,2084.272692533804
2020-10-28,2423.750411522634
2020-10-29,2731.6770135214583
2020-10-30,1443.3875367430924
2020-10-31,938.6679600235155
2020-11-01,810.9292475014696
2020-11-02,1593.5834509112287
2020-11-03,1844.0145208700767
2020-11-04,1834.330834803057
2020-11-05,1871.7890358612578
2020-11-06,1762.9009994121107
2020-11-07,1191.6482363315697
2020-11-08,984.5578777189888
2020-11-09,1870.5587301587302
2020-11-10,1568.1495884773663
2020-11-11,1106.0219607843137
2020-11-12,1805.4701960784314
2020-11-13,1578.4128431372549
2020-11-14,1101.3645588235295
2020-11-15,709.4335294117647
2020-11-16,1616.28181372549
2020-11-17,1799.388431372549
2020-11-18,1831.0211346266904
2020-11-19,1695.2037918871256
2020-11-20,1700.8651381540267
2020-11-21,1149.8099206349207
2020-11-22,905.0064484126983
2020-11-23,1434.5767857142857
2020-11-24,1723.595238095238
2020-11-25,1697.8434523809524
2020-11-26,1739.161111111111
2020-11-27,1643.1031746031747
2020-11-28,1830.2483134920635
2020-11-29,1301.4407738095238
2020-11-30,1570.4333333333334
2020-12-01,1759.1771825396827
2020-12-02,1781.1684523809524
2020-12-03,1443.632142857143
2020-12-04,1577.6378968253966
2020-12-05,1353.3590277777778
2020-12-06,1275.0047619047618
2020-12-07,1579.5334325396827
2020-12-08,1790.153968253968
2020-12-09,1729.4455357142856
2020-12-10,1788.0729166666667
2020-12-11,1319.4325396825398
2020-12-12,1242.5700396825398
2020-12-13,1255.7437037037039
2020-12-14,1611.1356613756614
2020-12-15,1797.2649735449736
2020-12-16,1901.725396825397
2020-12-17,1874.991322751323
2020-12-18,1809.3079365079363
2020-12-19,1138.828253968254
2020-12-20,1245.4851851851854
2020-12-21,935.7950264550265
2020-12-22,1271.5150264550264
2020-12-23,1090.9648677248676
2020-12-24,767.5543915343915
2020-12-25,545.0226455026456
2020-12-26,750.8343915343914
2020-12-27,395.7171428571429
2020-12-28,685.842433862434
2020-12-29,746.2085714285713
2020-12-30,1069.5990929705215
2020-12-31,796.1617913832199
2021-01-01,271.47341269841274
2021-01-02,455.2151455026455
2021-01-03,392.23564814814813
2021-01-04,749.6284391534391
2021-01-05,848.8595238095239
2021-01-06,865.6639550264553
2021-01-07,899.1126322751323
2021-01-08,919.6564153439153
2021-01-09,820.8404761904762
2021-01-10,641.8958333333333
2021-01-11,910.3937169312169
2021-01-12,761.4259920634919
2021-01-13,830.5515873015872
2021-01-14,885.9562830687829
2021-01-15,921.377380952381
2021-01-16,324.8066137566138
2021-01-17,514.5766534391535
2021-01-18,914.3182539682538
2021-01-19,826.5390211640213
2021-01-20,1006.0248677248677
2021-01-21,858.2059523809526
2021-01-22,903.8599206349207
2021-01-23,528.888955026455
2021-01-24,419.5078042328042
2021-01-25,897.1550264550265
2021-01-26,975.9082671957669
2021-01-27,883.407208994709
2021-01-28,852.6072089947088
2021-01-29,854.4437169312172
2021-01-30,673.9353174603174
2021-01-31,505.0723544973545
2021-02-01,875.4175925925927
2021-02-02,1000.234656084656
2021-02-03,832.3170634920635
2021-02-04,1050.4859126984127
2021-02-05,1062.2564153439153
2021-02-06,498.10853174603164
2021-02-07,383.1121031746032
2021-02-08,836.5359788359788
2021-02-09,804.2364417989418
2021-02-10,403.34947089947093
2021-02-11,594.0001322751323
2021-02-12,652.7962301587302
2021-02-13,567.4667328042328
2021-02-14,452.3497354497354
2021-02-15,718.9748015873015
2021-02-16,863.5623015873017
2021-02-17,908.196626984127
2021-02-18,709.1518518518519
2021-02-19,841.3369047619046
2021-02-20,895.4556878306877
2021-02-21,847.0895502645503
2021-02-22,836.3136904761906
2021-02-23,1010.269775132275
2021-02-24,1112.5579365079366
2021-02-25,1073.626917989418
2021-02-26,913.9308862433862
2021-02-27,943.5355158730159
2021-02-28,839.5267195767196
2021-03-01,1115.8613756613756
2021-03-02,1278.1953703703703
2021-03-03,1251.3373677248676
2021-03-04,1148.863888888889
2021-03-05,1058.5195767195767
2021-03-06,999.8613756613755
2021-03-07,854.8050264550265
2021-03-08,1082.0625
2021-03-09,1199.938558201058
2021-03-10,1084.766865079365
2021-03-11,931.111507936508
2021-03-12,952.4022486772487
2021-03-13,638.0242724867726
2021-03-14,738.2590608465609
2021-03-15,875.1624999999999
2021-03-16,964.5976851851851
2021-03-17,994.3010582010583
2021-03-18,1003.63082010582
2021-03-19,1106.6895502645502
2021-03-20,883.0895502645503
2021-03-21,713.8260582010583
2021-03-22,959.5372354497354
2021-03-23,1146.4881613756615
2021-03-24,1216.2177248677249
2021-03-25,1011.5671296296297
2021-03-26,1042.403306878307
2021-03-27,998.9690476190476
2021-03-28,1028.3310846560848
2021-03-29,1162.6005952380954
2021-03-30,1335.212962962963
2021-03-31,1364.8536375661379
2021-04-01,1320.6099867724868
2021-04-02,1168.4138888888888
2021-04-03,838.0271825396826
2021-04-04,823.6107142857144
2021-04-05,460.14510582010587
2021-04-06,819.874074074074
2021-04-07,953.5441798941799
2021-04-08,983.1386904761904
2021-04-09,963.4956538170823
2021-04-10,536.854828042328
2021-04-11,539.9248677248678
2021-04-12,888.5343915343915
2021-04-13,998.0052910052909
2021-04-14,987.2611772486773
2021-04-15,978.6112433862432
2021-04-16,948.6236898463087
2021-04-17,1011.6878621819097
2021-04-18,894.6941043083901
2021-04-19,956.7818121693122
2021-04-20,1065.3985449735449
2021-04-21,1047.1357804232803
2021-04-22,1059.9566798941798
2021-04-23,1073.3828042328041
2021-04-24,1130.25291005291
2021-04-25,994.9531746031746
2021-04-26,1014.7226851851851
2021-04-27,1208.2167328042328
2021-04-28,1126.1535714285712
2021-04-29,1127.7713624338626
2021-04-30,1097.8863756613757
2021-05-01,629.2609126984127
2021-05-02,767.4333333333333
2021-05-03,1110.0380291005292
2021-05-04,1040.081283068783
2021-05-05,1113.5238095238094
2021-05-06,771.9433201058201
2021-05-07,1248.10007558579
2021-05-08,1001.7531494079112
2021-05-09,856.8194885361552
2021-05-10,1093.7161564625849
2021-05-11,1153.3125850340136
2021-05-12,1150.6530738221215
2021-05-13,692.6787163013354
2021-05-14,577.52840765936
2021-05-15,500.73758503401353
2021-05-16,511.49320987654323
2021-05-17,889.7686318972032
2021-05-18,1087.588277903754
2021-05-19,1203.4402557319224
2021-05-20,1389.8785462333083
2021-05-21,1218.0688145628621
2021-05-22,759.1651801461325
2021-05-23,838.7477135298564
2021-05-24,609.512037037037
2021-05-25,1175.5398463088939
2021-05-26,1208.3148022171833
2021-05-27,1507.1306059460821
2021-05-28,1475.9800831443688
2021-05-29,1307.0901045603428
2021-05-30,1165.8827664399096
2021-05-31,1469.8462459057698
2021-06-01,1699.6373960695387
2021-06-02,1487.4235197782818
2021-06-03,1498.8888510959937
2021-06-04,1053.9369110607206
2021-06-05,1153.6516061980346
2021-06-06,1177.5673217435124
2021-06-07,1482.505183925422
2021-06-08,1677.88281053162
2021-06-09,1781.0410682791637
2021-06-10,1780.3987780297302
2021-06-11,1588.3769274376416
2021-06-12,1304.5653565129755
2021-06-13,1145.0718694885363
2021-06-14,1497.344098009574
2021-06-15,1735.1596497858402
2021-06-16,1606.2059901738473
2021-06-17,1434.5597064751828
2021-06-18,1412.7023683547493
2021-06-19,969.9174477198287
2021-06-20,946.7597316704461
2021-06-21,1429.4720332577476
2021-06-22,1177.3629944570423
2021-06-23,1435.3680776014112
2021-06-24,1510.314342403628
2021-06-25,1262.01144494835
2021-06-26,932.8490551776267
2021-06-27,834.414021164021
2021-06-28,1287.3962522045856
2021-06-29,1254.3025762156715
2021-06-30,1224.8698160745782
2021-07-01,1547.6804610733182
2021-07-02,1440.6375598387501
2021-07-03,1091.5633408919125
2021-07-04,726.8922776518016
2021-07-05,1177.835185185185
2021-07-06,1433.390904509952
2021-07-07,1462.7693436633915
2021-07-08,1490.168253968254
2021-07-09,1287.715873015873
2021-07-10,822.0083963214915
2021-07-11,853.7391975308641
2021-07-12,859.5397644242883
2021-07-13,667.1784769463341
2021-07-14,716.0231607457798
2021-07-15,1158.9562169312169
2021-07-16,1054.4814373897705
2021-07-17,914.0456790123457
2021-07-18,845.3293524817335
2021-07-19,1193.145458553792
2021-07-20,1378.2921012849583
2021-07-21,1434.9920634920636
2021-07-22,1469.7036375661376
2021-07-23,1289.4324735449734
2021-07-24,998.032275132275
2021-07-25,622.0916005291006
2021-07-26,930.3882936507937
2021-07-27,911.3208333333333
2021-07-28,1223.874669312169
2021-07-29,1269.077447089947
2021-07-30,1089.4451058201057
2021-07-31,857.8366402116403
2021-08-01,753.591335978836
2021-08-02,840.463955026455
2021-08-03,896.3537698412697
2021-08-04,926.7005952380954
2021-08-05,911.8100529100528
2021-08-06,813.5372354497355
2021-08-07,526.7328703703704
2021-08-08,591.3156746031747
2021-08-09,691.7879629629629
2021-08-10,744.861507936508
2021-08-11,819.6928571428572
2021-08-12,810.8287037037037
2021-08-13,748.4029100529101
2021-08-14,669.3214947089947
2021-08-15,602.6546296296297
2021-08-16,715.0011243386242
2021-08-17,809.7599206349208
2021-08-18,809.01626984127
2021-08-19,835.7910714285714
2021-08-20,792.2503968253967
2021-08-21,732.9893518518519
2021-08-22,651.6242724867724
2021-08-23,913.883664021164
2021-08-24,1144.7033068783066
2021-08-25,1188.048611111111
2021-08-26,1133.9664021164022
2021-08-27,1065.6608465608465
2021-08-28,865.9900793650792
2021-08-29,776.2375
2021-08-30,1208.7081349206348
2021-08-31,1461.7880291005292
2021-09-01,1516.0627645502645
2021-09-02,1580.5406084656083
2021-09-03,1530.6197089947088
2021-09-04,1145.924470899471
2021-09-05,1068.540343915344
2021-09-06,1558.3290343915344
2021-09-07,1715.2489417989418
2021-09-08,1665.640013227513
2021-09-09,1560.4214285714281
2021-09-10,1384.4875000000002
2021-09-11,1226.0343915343915
2021-09-12,1074.3289682539682
2021-09-13,1577.867195767196
2021-09-14,1182.830291005291
2021-09-15,1169.1673941798942
2021-09-16,1652.0449074074074
2021-09-17,1591.3794973544975
2021-09-18,1296.3840608465607
2021-09-19,1295.120171957672
2021-09-20,1283.68458994709
2021-09-21,1676.133597883598
2021-09-22,1667.3794312169312
2021-09-23,1726.0038359788362
2021-09-24,1564.034986772487
2021-09-25,1284.0292328042328
2021-09-26,846.8799603174605
2021-09-27,1202.664814814815
2021-09-28,1632.7465608465607
2021-09-29,1435.4697751322751
2021-09-30,1627.7962962962963
2021-10-01,1169.172552910053
2021-10-02,801.9412037037036
2021-10-03,586.0275793650793
2021-10-04,1391.091865079365
2021-10-05,1146.3699735449736
2021-10-06,1520.1964285714284
2021-10-07,1561.993187830688
2021-10-08,1446.3838624338625
2021-10-09,1186.9811507936506
2021-10-10,1019.1848544973545
2021-10-11,1393.0051587301589
2021-10-12,1516.1735449735447
2021-10-13,1500.9330026455027
2021-10-14,1563.7139550264549
2021-10-15,1433.1804232804234
2021-10-16,1188.7343915343915
2021-10-17,931.0583994708994
2021-10-18,1333.659986772487
2021-10-19,1577.5522486772488
2021-10-20,1295.516865079365
2021-10-21,1167.8714285714284
2021-10-22,1268.295171957672
2021-10-23,997.6116402116401
2021-10-24,885.6320105820106
2021-10-25,1009.1509920634923
2021-10-26,1248.8353174603174
2021-10-27,1299.6234126984127
2021-10-28,1288.0572751322752
2021-10-29,865.9998015873017
2021-10-30,553.4910714285713
2021-10-31,499.90165343915345
2021-11-01,563.9033730158731
2021-11-02,1077.60958994709
2021-11-03,1100.8608465608463
2021-11-04,956.0386904761904
2021-11-05,1062.1497354497355
2021-11-06,948.8478174603176
2021-11-07,699.2815476190476
2021-11-08,1251.2425925925925
2021-11-09,1355.2113095238094
2021-11-10,1266.8439153439156
2021-11-11,783.4561507936509
2021-11-12,984.2447751322751
2021-11-13,671.8388227513227
2021-11-14,628.9062169312169
2021-11-15,1149.7333333333333
2021-11-16,1273.8642195767197
2021-11-17,1256.4256613756615
2021-11-18,1340.4439814814816
2021-11-19,1233.314880952381
2021-11-20,913.8191798941799
2021-11-21,575.9129629629631
2021-11-22,1155.8011243386243
2021-11-23,1267.4970238095239
2021-11-24,1268.1733465608465
2021-11-25,1329.529894179894
2021-11-26,1153.4240740740743
2021-11-27,597.2373015873017
2021-11-28,515.7378306878308
2021-11-29,1195.391335978836
2021-11-30,1306.3348544973546
2021-12-01,1091.9948412698411
2021-12-02,1218.9026455026456
2021-12-03,794.720701058201
2021-12-04,610.8542328042329
2021-12-05,471.7810846560847
2021-12-06,945.3684523809524
2021-12-07,1037.7996031746034
2021-12-08,1183.4214947089947
2021-12-09,1205.4246031746034
2021-12-10,939.8294312169313
2021-12-11,885.5729497354497
2021-12-12,649.8730820105819
2021-12-13,1112.8295634920635
2021-12-14,1221.275595238095
2021-12-15,1229.0386904761906
2021-12-16,1284.5031084656084
2021-12-17,1186.561970899471
2021-12-18,914.0355158730159
2021-12-19,634.0545634920635
2021-12-20,889.9841269841269
2021-12-21,898.4255291005292
2021-12-22,733.3470238095238
2021-12-23,663.5623677248677
2021-12-24,384.4257275132275
2021-12-25,203.432671957672
2021-12-26,255.75747354497352
2021-12-27,421.1484126984126
2021-12-28,513.8083994708995
2021-12-29,432.1976190476191
2021-12-30,627.4307539682541
2021-12-31,598.2949074074075
2022-01-01,515.2164682539682
2022-01-02,554.8466931216931
2022-01-03,797.2109126984127
2022-01-04,830.2790343915344
2022-01-05,1058.035515873016
2022-01-06,1071.0673280423282
2022-01-07,861.4431216931217
2022-01-08,503.122619047619
2022-01-09,456.69325396825406
2022-01-10,996.763425925926
2022-01-11,1091.9584656084658
2022-01-12,1063.0595238095239
2022-01-13,1053.3668650793652
2022-01-14,1036.7429232804234
2022-01-15,890.2655423280422
2022-01-16,600.964417989418
2022-01-17,1028.3347883597885
2022-01-18,1144.7968915343915
2022-01-19,1017.7957671957672
2022-01-20,1088.6314153439155
2022-01-21,1027.777380952381
2022-01-22,833.5683201058201
2022-01-23,635.0036375661376
2022-01-24,1065.9048941798942
2022-01-25,1050.5234788359787
2022-01-26,1035.3234126984128
2022-01-27,1118.6733938019652
2022-01-28,1079.1685941043083
2022-01-29,826.7823381204335
2022-01-30,834.4632842025699
2022-01-31,1075.6013542454018
2022-02-01,1064.6132023179644
2022-02-02,1207.6416792642983
2022-02-03,1239.2156840513983
2022-02-04,1073.5259322247414
2022-02-05,1026.965917107584
2022-02-06,464.0095993953136
2022-02-07,1225.5909549004787
2022-02-08,1324.1456475182665
2022-02-09,1377.1594671201813
2022-02-10,1181.2802721088435
2022-02-11,1233.2387818090199
2022-02-12,1052.8158478206096
2022-02-13,814.9078672209623
2022-02-14,1092.3369299571682
2022-02-15,1240.230183925422
2022-02-16,1169.3620811287478
2022-02-17,1375.7940287226002
2022-02-18,1703.9584089191233
2022-02-19,1029.8639833711263
2022-02-20,706.1799760644999
2022-02-21,974.350359032502
2022-02-22,1114.0606827916351
2022-02-23,1199.3065948601663
2022-02-24,1078.1978143109095
2022-02-25,1036.8836545729403
2022-02-26,883.0304043839758
2022-02-27,743.8468694885362
2022-02-28,1036.7880385487529
2022-03-01,1119.115236835475
2022-03-02,1138.9037351977827
2022-03-03,1143.6245338876292
2022-03-04,1073.5026518014613
2022-03-05,968.9547052154196
2022-03-06,828.1472915091962
2022-03-07,1192.5731481481482
2022-03-08,1347.4859347442682
2022-03-09,1404.5470143613002
2022-03-10,1471.3972348198538
2022-03-11,1067.5556122448982
2022-03-12,838.1018896447467
2022-03-13,570.1095049130763
2022-03-14,1342.7810027714788
2022-03-15,1026.9271856890905
2022-03-16,1401.6717435122196
2022-03-17,1371.8139770723105
2022-03-18,1343.6617094986145
2022-03-19,1097.4981166540692
2022-03-20,935.803798185941
2022-03-21,1359.2770534139581
2022-03-22,1544.6486016628876
2022-03-23,1550.3229969765682
2022-03-24,1584.2962711010327
2022-03-25,1502.2780927185688
2022-03-26,1219.2799508692365
2022-03-27,1037.699439405392
2022-03-28,1400.072045855379
2022-03-29,1248.7271227009321
2022-03-30,1092.0414210128497
2022-03-31,1124.0713340891912
2022-04-01,734.5782816830435
2022-04-02,823.5717183169564
2022-04-03,763.1317901234569
2022-04-04,1181.2111929957168
2022-04-05,1164.5676996724617
2022-04-06,1291.1411438649534
2022-04-07,1217.914304610733
2022-04-08,588.4591899722852
2022-04-09,876.1501385739482
2022-04-10,1044.6897329302092
2022-04-11,1435.529724111867
2022-04-12,1611.2031746031744
2022-04-13,1040.6363063744018
2022-04-14,1599.3326530612244
2022-04-15,1394.543361048123
2022-04-16,993.3821743512218
2022-04-17,864.0529793398842
2022-04-18,854.3866843033511
2022-04-19,1470.916937515747
2022-04-20,1521.0986520534138
2022-04-21,1609.230713025951
2022-04-22,1476.5859977324264
2022-04-23,983.2332262534643
2022-04-24,1057.1883408919125
2022-04-25,1259.813384983623
2022-04-26,1341.9621693121694
2022-04-27,1366.2092844545225
2022-04-28,1361.988737717309
2022-04-29,1171.4851033005793
2022-04-30,1018.5645250692871
2022-05-01,838.2038107835727
2022-05-02,1179.6712899974805
2022-05-03,1365.657413706223
2022-05-04,1352.624464600655
2022-05-05,1332.529371378181
2022-05-06,1290.3275762156713
2022-05-07,1047.6775258251448
2022-05-08,955.8837175610986
2022-05-09,1525.7543209876544
2022-05-10,1690.6296044343665
2022-05-11,1691.6880322499371
2022-05-12,1697.0020660115897
2022-05-13,1571.351455026455
2022-05-14,1272.7182917611487
2022-05-15,1042.366332829428
2022-05-16,1498.7935815066764
2022-05-17,1735.2881771227007
2022-05-18,1733.2503086419754
2022-05-19,1675.9765873015872
2022-05-20,1201.8357079868986
2022-05-21,1219.5729654824893
2022-05-22,964.3434492315445
2022-05-23,1140.1815948601663
2022-05-24,1467.477878558831
2022-05-25,1428.1942428823381
2022-05-26,870.6985008818343
2022-05-27,953.0185626102293
2022-05-28,919.3882590073065
2022-05-29,770.4872260015118
2022-05-30,1396.6138636936255
2022-05-31,1596.999968505921
2022-06-01,1656.8634983623083
2022-06-02,1637.7930901990424
2022-06-03,1269.8621441169062
2022-06-04,792.1862433862433
2022-06-05,721.9380511463844
2022-06-06,1007.0685689090451
2022-06-07,1446.456002771479
2022-06-08,1025.810764676241
2022-06-09,1598.4834026203073
2022-06-10,1515.7871819098011
2022-06-11,1234.9629881582264
2022-06-12,1179.5282123960694
2022-06-13,1544.5358717561098
2022-06-14,1699.1390148652056
2022-06-15,1687.7997165532881
2022-06-16,1687.8723985890651
2022-06-17,1480.0761211892163
2022-06-18,999.9521038044848
2022-06-19,945.2962522045857
2022-06-20,1384.0103552532123
2022-06-21,1669.7767888636936
2022-06-22,1628.4441295036536
2022-06-23,1631.0130826404634
2022-06-24,1400.6735260770974
2022-06-25,882.4522045855381
2022-06-26,975.7444822373393
2022-06-27,1467.4177374653566
2022-06-28,1714.9180146132526
2022-06-29,1718.586205593348
2022-06-30,1080.1619614512474
2022-07-01,1428.3962144116908
2022-07-02,1172.0885928445455
2022-07-03,1011.2392983119174
2022-07-04,1492.631613756614
2022-07-05,1634.2947215923407
2022-07-06,1629.905045351474
2022-07-07,1534.3476379440665
2022-07-08,1383.251316452507
2022-07-09,1068.0658415217938
2022-07-10,968.439417989418
2022-07-11,1346.0721340388006
2022-07-12,1434.344708994709
2022-07-13,1253.978798185941
2022-07-14,808.6423154446964
2022-07-15,936.0027210884354
2022-07-16,809.7213907785335
2022-07-17,728.3091962711011
2022-07-18,1096.9662698412696
2022-07-19,1146.7519400352735
2022-07-20,1022.7470332577475
2022-07-21,1370.7384353741495
2022-07-22,1090.0510141093475
2022-07-23,966.2950554295794
2022-07-24,832.4497354497353
2022-07-25,1185.3564940791132
2022-07-26,1327.9086230788612
2022-07-27,1333.5570357772735
2022-07-28,1297.7951184177375
2022-07-29,1137.8203640715546
2022-07-30,914.8874464600655
2022-07-31,797.4191421012848
2022-08-01,985.4259511211892
2022-08-02,1087.7750062988157
2022-08-03,1023.8265243134289
2022-08-04,959.4850466112372
2022-08-05,894.1106386999245
2022-08-06,769.0421768707483
2022-08-07,683.7962648022173
2022-08-08,886.7525006298816
2022-08-09,904.9020849080374
2022-08-10,887.4583963214916
2022-08-11,844.8863315696648
2022-08-12,726.3071491559588
2022-08-13,617.9277021919879
2022-08-14,477.0158037288989
2022-08-15,559.5198223733938
2022-08-16,682.1015747039557
2022-08-17,719.1455782312925
2022-08-18,909.4080939783321
2022-08-19,723.908988410179
2022-08-20,776.9438712522046
2022-08-21,719.0641660367851
2022-08-22,1010.7540816326532
2022-08-23,1173.51569664903
2022-08-24,1204.3670382968
2022-08-25,1198.6708868732678
2022-08-26,1101.1979024943312
2022-08-27,986.6494897959184
2022-08-28,905.5291320231796
2022-08-29,1352.6439342403628
2022-08-30,1526.8548059964728
2022-08-31,1582.9317334341144
2022-09-01,1616.8109851347947
2022-09-02,1344.4000314940795
2022-09-03,1200.4749811035526
2022-09-04,1136.0870118417738
2022-09-05,1484.0160556815322
2022-09-06,1753.1655328798186
2022-09-07,1482.5565948601663
2022-09-08,1536.0767636684304
2022-09-09,1315.2605631141346
2022-09-10,942.0263920382968
2022-09-11,1072.6041383219956
2022-09-12,1673.0245464852608
2022-09-13,1716.802689594356
2022-09-14,1629.626026706979
2022-09-15,1779.7508062484249
2022-09-16,1534.8537792894936
2022-09-17,1244.6970458553794
2022-09-18,1300.871598639456
2022-09-19,1599.0713718820864
2022-09-20,1709.9276895943563
2022-09-21,1732.5180146132527
2022-09-22,1767.1572751322751
2022-09-23,1582.8948727639204
2022-09-24,1053.0566893424034
2022-09-25,1013.8049256739732
2022-09-26,1235.7186318972035
2022-09-27,1317.6479150919627
2022-09-28,1498.8573948097758
2022-09-29,1581.0022990677753
2022-09-30,1539.073286722096
2022-10-01,1160.6761967750062
2022-10-02,834.8552406147643
2022-10-03,1507.8579805996474
2022-10-04,1730.8029541446206
2022-10-05,1695.2297052154192
2022-10-06,1765.9567397329301
2022-10-07,1617.0206475182665
2022-10-08,1296.7615646258503
2022-10-09,1153.1223230032754
2022-10-10,1578.8144935752075
2022-10-11,1784.504862685815
2022-10-12,1766.9762282690856
2022-10-13,1463.530045351474
2022-10-14,1194.4053036029225
2022-10-15,1074.7971403376164
2022-10-16,1058.044035021416
2022-10-17,1109.6821617535904
2022-10-18,1685.6174540186444
2022-10-19,1730.2247543461829
2022-10-20,1507.767976820358
2022-10-21,1335.3659800957419
2022-10-22,1294.5970395565635
2022-10-23,1011.4256802721089
2022-10-24,1349.072190728143
2022-10-25,1505.4372323003274
2022-10-26,1525.6496976568405
2022-10-27,1502.1653628117915
2022-10-28,1310.7366780045352
2022-10-29,994.7425547996976
2022-10-30,807.1045603426556
2022-10-31,859.356638951877
2022-11-01,839.9658478206097
2022-11-02,1302.0706097253715
2022-11-03,1103.0680964978583
2022-11-04,1121.1481859410428
2022-11-05,963.1305807508188
2022-11-06,505.7295036533132
2022-11-07,1383.9804925673973
2022-11-08,1523.8731103552532
2022-11-09,1546.4729969765683
2022-11-10,2070.238731418493
2022-11-11,921.3176240866716
2022-11-12,953.6667422524564
2022-11-13,806.2165091962712
2022-11-14,1281.6109977324263
2022-11-15,1211.704043839758
2022-11-16,1128.1545540438399
2022-11-17,1354.2677437641723
2022-11-18,1365.3853930461073
2022-11-19,1041.596485260771
2022-11-20,663.6410997732426
2022-11-21,1112.2653187200806
2022-11-22,1237.8961136306373
2022-11-23,1242.7680964978586
2022-11-24,1440.2920256991686
2022-11-25,1300.0165280927185
2022-11-26,957.6346686822878
2022-11-27,587.4004850088184
2022-11-28,1245.469734189972
2022-11-29,1397.3661123708741
2022-11-30,1349.3448349710254
2022-12-01,1360.857489292013
2022-12-02,1084.3213970773493
2022-12-03,777.5867157974301
2022-12-04,613.4785084404133
2022-12-05,990.1845804988664
2022-12-06,1227.380498866213
2022-12-07,1247.0613252708488
2022-12-08,1264.3093474426805
2022-12-09,1117.6955467372136
2022-12-10,835.1215104560341
2022-12-11,574.0779856386998
2022-12-12,1030.7929831191734
2022-12-13,1088.316414714034
2022-12-14,909.1751511715797
2022-12-15,1047.5871063240108
2022-12-16,977.2411501637692
2022-12-17,630.6203829680021
2022-12-18,430.4207986898463
2022-12-19,814.9436885865457
2022-12-20,757.9548059964725
2022-12-21,755.3419249181154
2022-12-22,603.661929957168
2022-12-23,543.8008944318468
2022-12-24,301.6619047619048
2022-12-25,196.9643675988914
2022-12-26,384.3330435878055
2022-12-27,520.2234378936761
2022-12-28,460.1219765684051
2022-12-29,586.2229528848576
2022-12-30,419.9033131771227
2022-12-31,482.3646888384984
